{
  "best_metric": null,
  "best_model_checkpoint": null,
  "epoch": 2.0,
  "eval_steps": 500,
  "global_step": 22,
  "is_hyper_param_search": false,
  "is_local_process_zero": true,
  "is_world_process_zero": true,
  "log_history": [
    {
      "epoch": 0.45,
      "grad_norm": 8691.697265625,
      "learning_rate": 0.00028295454545454544,
      "loss": 26.3355,
      "step": 5
    },
    {
      "epoch": 0.91,
      "grad_norm": 8594.8896484375,
      "learning_rate": 0.0002659090909090909,
      "loss": 24.5663,
      "step": 10
    },
    {
      "epoch": 1.36,
      "grad_norm": 2554.769287109375,
      "learning_rate": 0.00024886363636363637,
      "loss": 19.6529,
      "step": 15
    },
    {
      "epoch": 1.82,
      "grad_norm": 2645.280029296875,
      "learning_rate": 0.0002318181818181818,
      "loss": 16.1457,
      "step": 20
    }
  ],
  "logging_steps": 5,
  "max_steps": 88,
  "num_input_tokens_seen": 0,
  "num_train_epochs": 8,
  "save_steps": 500,
  "total_flos": 5816246599680.0,
  "train_batch_size": 2,
  "trial_name": null,
  "trial_params": null
}
